id,name
0004d31c290018d960ea1b61,Uribe
001387a7e556a17e9af9e684,Uribe
0017570ee84b80e1c3e10218,Petro
0036f3d867393f8effa12b66,Uribe
004508bf8e624f9656fdf9ec,Petro
0052da408e75b7813dbcc512,Uribe
007bdeb03c21d2f9d469ddad,Petro
0082edc86dfa7e2d6e95bd4d,Uribe
0087a99cd90e95c19e3b037b,Petro
00945da0872f1e8c687dea2f,Uribe
00b8288e169f8eec4763fdca,Petro
00dbb6c10fe8974f57778dad,Petro
00fbcf72adfd2d754f1a0ddb,Uribe
0142939813f5665bf8c6cb17,Petro
01bb594fce2a6c2075537a53,Petro
01f8d440cf055dc579227ea4,Uribe
02088f2bf33a184f6f6beeee,Uribe
02320960e9bfbac77ed40182,Lopez
024d71a8f3c0903704fe61dc,Uribe
025716d3f3e2b0d265b15759,Uribe
0284518852e9ffee37f15f80,Uribe
02c80737d5a307bde9c533c2,Lopez
02c818464ecbd73a862aea94,Uribe
02e56dfb53a1431ff568a81a,Petro
0315d6b9173973a96445b0ac,Petro
037867f2384607a8b646bf42,Uribe
038af252e98f43d25e3e7f57,Petro
03c00eeb4447379926ca33b4,Petro
03f91055186f18397a2f39ff,Petro
040a1775d2f6f1bf7d00a44d,Lopez
04479a95e63cd2406a8c0fd9,Uribe
0479a35d4ddd09701bfa45e1,Uribe
050c740cc8462f2d0b066f05,Petro
0520bc762090c76ece2411c0,Uribe
052a8bc2e1c30268468129e6,Petro
053be9a1b795c5a8338215a2,Uribe
055ac33e166c86ed9430160e,Lopez
056831e30443ba0bbe202545,Lopez
05dddf1e753a1d3d74fbc652,Lopez
0619641cd96fe9c38dae884e,Lopez
0629d7cb5287bc9ac8e1dca7,Petro
067f782c0afa96626a5a9360,Petro
069f11370b74e85edd2f9d90,Petro
06b063ce3fa4682f9d5d8757,Uribe
06d13ae6debd6c8f5eb068eb,Petro
06d4eb5678834e5ea85224b5,Uribe
0717410b73e86122560c7c6e,Petro
071a92a8911fa5eafe15f2de,Lopez
071b48344a336240095f7f2a,Uribe
0735ea9a9d710162abe7200c,Lopez
074618a81591781e2de8aa59,Petro
07607899c778287d0e7abc3f,Petro
0763aee1b9705c9a45353554,Lopez
076c364f727cc061bfc6038a,Uribe
077aaa70e829aaad2e9e8430,Petro
07c4f5abdd32ceb611f6519f,Lopez
07e1954ec29ee498b9666e95,Uribe
07f74641ac68a8c0fb291915,Lopez
081dcbab6099bd644a9d6a54,Lopez
0824280ec8cea81c7d34ba96,Lopez
084953b80deb85edca70c7f6,Petro
085d23e6460d78545e99e006,Uribe
085fcc6248055b5e0d92ae9d,Lopez
085fe3c6e9b538e29d55c495,Lopez
086cb0af35dc0de8d6660b40,Uribe
0878b35e758340743341a32e,Uribe
089f77d82ef51034c5785835,Lopez
08aaf80c31428395b90a7a9a,Uribe
08fab96d3b2c46b6978e6d48,Petro
09441bc355733321b5ffe47f,Uribe
09b7fb533a2dc668e050e141,Petro
09cd71b7751ce581778e4b81,Lopez
09efea70f01d27ebf1bba64f,Lopez
0a065bac6c695689b769bb5a,Lopez
0a629ea06d6f4d17241a1a47,Uribe
0ac55de7f637d8628c834190,Lopez
0b4f072497abfceac6e9e832,Lopez
0b6131ab5f6d5565999cc2d3,Lopez
0b7cb8ac8a13edb949b12f0e,Lopez
0ba0b377cae3d407b0e9dd8f,Lopez
0bd957bfe70e8ef99dbff15c,Lopez
0c3c3cffbc3c940e44786338,Lopez
0c613e5255d228242fcd5d09,Uribe
0c85821c02476bb52d576410,Petro
0c8f7cc49a85fd7aca96dbbc,Lopez
0c9d323814dc467841f66328,Petro
0cae934d2bdc5771e84f71d8,Uribe
0d1b2a99426566cb6adc4129,Lopez
0d3e7352c260a8c0b32cfc44,Lopez
0d4124ea1ebc544e7da027af,Petro
0d5fd46d3c6ff0248fb01981,Petro
0d65b9285ba33304c18c2b5d,Uribe
0d7e522d005fffc39df7ed0f,Petro
0da8a469d065992ec3d8c627,Lopez
0e08ee94a2b71a04a3b512c7,Uribe
0e0ec6dadd3584cfde79c2bb,Uribe
0e1069a5e72db04874f13be7,Lopez
0e27d1f0fb4e9a75966dd416,Lopez
0e547f437e1468ac6fab2295,Petro
0e6fa4b9bd7994fcb43fb735,Uribe
0ec094ef12cf458bf096e0c0,Lopez
0ecabdf8afffd67c0e22cdfa,Petro
0eddbe87b75b772290db4b80,Petro
0ef6ae4151c068738f031a3e,Uribe
0f3fda31df35feaca4454bf0,Petro
0f4134cd7107edf773a0d2d6,Lopez
0f7dc1f502a303cc7180e6c5,Lopez
0fd603e4fa2d7e69b69a6134,Petro
0fd8fa1ca28905ea83f1f8e5,Petro
0ffe05ebf456bd86bdf71032,Lopez
1037360d513db38d803f661b,Lopez
10492dc2f3b7df3c6af67989,Lopez
10d4df4ff8fdcee08f0eb38b,Lopez
10e5440cebfd03d344f1e288,Petro
10f3218ac7bcb48318f697a8,Uribe
110124257ab1d4170c563215,Uribe
110546a990ba30c73d32da78,Petro
11224adac9b97a033a6362ad,Petro
1140c025d6053f30a1807624,Uribe
119977b73a3485e8ff4bc996,Petro
1199b6c657b976ecf6dc774b,Petro
11aa47e85122b90bc6046425,Petro
11b53764efbc96cd8a22c25e,Petro
11b82622b807a39e12cf55cf,Petro
11c8cb9ed2316c468e05370d,Petro
1247f417dc78a135ccf2ae98,Uribe
1259de4c2e25a659199f3268,Petro
1282d6f59de499ebc1feea93,Uribe
12d6e07dce1a0456914b5029,Uribe
12e03ed6c8895d03a29afca9,Uribe
1310829e86ed7364c932cd21,Petro
132b0545dcade417a035f336,Lopez
13365d17be183caf0645cdde,Uribe
133e29b1fbfe66d7e54949fd,Uribe
135507285f7b1d18c620ede3,Uribe
136517c85e7710a9f694392f,Uribe
13c83a32e8e916b850a22eb0,Lopez
13dfedffbcf8153e540ab035,Uribe
140e3870b01007a54c80af6d,Uribe
141b44ad86a803c6bc956a4e,Petro
1428cab7d5620b39950f81c4,Uribe
14a1de6394d72a5f3725a82f,Lopez
14d6c64a1bad49238d7447cb,Uribe
14e16b69ebfd6a7cf31b27fa,Lopez
150c523d5518ee28dec95ba9,Lopez
151837edc1abcc569088fe9a,Petro
154508e7bc4552f3100b8b5c,Petro
15ed4b52a411d0f224252b5e,Lopez
15fa5f340503d705597f0171,Lopez
16062efe0ccbad022a460055,Petro
165db3e0191d9dc2d4e1b998,Lopez
16af58937d3b125e20d6e587,Petro
16e99573dd5f89abff0d2acb,Uribe
1705e08770e61f69e85be788,Uribe
174154fea29728487f168f91,Lopez
175e818a0bc7118e1c194573,Uribe
176304d70891593066781dbe,Petro
176b78ca957e54650eb19552,Uribe
17a13cdf127b54200fcc0a6d,Petro
17b9ea2b0f3a230ae7b7a93e,Petro
17f0b33f5bca7968f4cc8df4,Lopez
188cd4d3482324d1a424c8a4,Lopez
189a343c080c88870274f21e,Petro
18e1875cd9d0d21d98e72f99,Petro
191078f5a48eada3129b1337,Petro
19114825d8d1b083476af954,Petro
1969032104252762fec8768c,Lopez
19e7d550495d24ef6db8bd68,Uribe
1a3158ca701d7fa8c6368089,Lopez
1a35fc861025d47074db7157,Uribe
1aaf51c914c4209c1275999f,Lopez
1ac2026886236e867c1ac41f,Lopez
1ae25a1768b8088e219c07a1,Uribe
1afa5ab5b629033f66ef2729,Lopez
1b0e79ebb268f3ac3da6a4fa,Petro
1b20e5098507bab9326e3ec5,Uribe
1b2ff2033d65dd287e0fd988,Petro
1b330bb1d4cffb3ff7acb818,Lopez
1b47b92c9984a86404b689bc,Petro
1b8a18a09b69046438c14f4e,Lopez
1b8d61d054496cfff58a7f88,Uribe
1b97c63ba9d468b0e54476bd,Uribe
1bc1921fb786a40e944a4c2a,Uribe
1bda44521ca2ff977e2dc5b7,Petro
1bea5fe7b0c54025d96a0d10,Uribe
1c50afb21b6b0660fda9e63d,Uribe
1c7c4142c082c7241fbda797,Petro
1c7d467d24e4c2bd478c2d04,Petro
1cbd02f1c95acb0981eadeb9,Petro
1ce5195f442c5374dc830e01,Uribe
1d19f9b453f278d07d609fe2,Lopez
1d5f74288a435343058d361e,Lopez
1d628c9da2b2b5553885f993,Petro
1d6ae63c29a9c48cc2f1cc23,Petro
1d6d6e3ca01f1f7509f2c7b3,Petro
1db291791d9f2702d55de984,Petro
1dcbbb64fe645c85222b13bf,Uribe
1ddcba3ca7334b1c02cb9b19,Petro
1df375f6e0008eb2a349a5eb,Uribe
1e1b934f936867ecc3f4dc60,Uribe
1e95bbe0812b132df2248723,Petro
1ea63c5cc5f1211c0fb7df5a,Lopez
1edb1a170b0dcef0dee2bec5,Lopez
1edcd8450011e8c0dcae35b2,Uribe
1ee6ed50984a546f3cd42c78,Lopez
1eed48cf9a9e5c5956c67485,Petro
1f0e30de2984efd8339e9c9e,Uribe
1f5025f1a6493864a2be3572,Petro
1f997156bd2811cf83eda9f2,Lopez
1fb22ce54a8e40fdbe5b5cc2,Uribe
1fc084828d0fbdda0a716cca,Lopez
2008b6abbfe2e22f3339cc54,Uribe
20a587485e4ff36f2361262a,Lopez
20d6f2826a165f2fbcc012a1,Petro
20f198e444248b15d413d35a,Uribe
21099d3f7cc9f7be4e81394e,Petro
2120e4bd7b1961967df93314,Lopez
213d41bdb9b4154f229e66a7,Petro
215bca6795945ba107350c4b,Uribe
215de6f8cea27f426530041b,Uribe
219a5e895a1437aef05f66d9,Lopez
21e4413febfbce3c31ec06a5,Petro
21efcd0780db9b67bcd9c0cb,Lopez
22227583139a8ac05cab31db,Lopez
2266632cceaf0a28e56dd322,Lopez
227e3459cc5ce70b89d13b88,Uribe
228f5b762105cae63c381dc7,Petro
22ab2dac3480e1f89477eb72,Lopez
22dce6a71c147ab7ee7f6bba,Uribe
233cadc524c1ac4215560019,Uribe
23841de906830ab255bd2ddf,Lopez
239b76431fcca865769a0d65,Petro
239cf640d80eecf458180a39,Uribe
23ac9c34431ef257656b1682,Uribe
24060f7dd1f1796876d0ff0c,Lopez
242941264fd7fd1a0bcca853,Lopez
2473cbe9f0c43f102ef0f000,Lopez
24bc620757763d742e075193,Lopez
24ce57338dbcbf54393ea60b,Uribe
254e17af46972d8ec1c87ccf,Lopez
2555b14f6e072fd8305c24cd,Lopez
255730d7cc629861f68f7daf,Uribe
2563e355f68192725be8335a,Lopez
257624d522b1dbeb32f9b886,Petro
2593d6eed31e5d398dc6263e,Lopez
259ff33ee44717e5c3c06e00,Uribe
25bb1a27f69cc35c959268ef,Uribe
25cea614b0638a5b61cca602,Uribe
25faebd51379a2c3f2baa068,Uribe
2604c42b5882095250e4f9c8,Lopez
262364c456be779a799405b0,Lopez
262b591834494af862ed6f09,Uribe
2644d5ccf0dd9cf3d2271a56,Petro
266a9e3006ff76f168d4befe,Petro
26821e348a2b568aa437a7cd,Lopez
268b478d562867dc4184bf46,Lopez
26bd25595e6f342d18ab95df,Lopez
26edc18ca48ea3ccb67954c6,Uribe
26f5f50d844833bb9e2b45e5,Uribe
272034a06d8d8a2c82aca028,Lopez
277f38464b7338d046ec7091,Lopez
27876f2f8e4a41c98325dda6,Uribe
2798444cbfb5ea944e5c4905,Petro
27acfc57d2b2c87ddd96be8f,Lopez
27b01f9e48f8da01a9402d96,Lopez
27f28ff0548cd7c6bb18cd47,Uribe
27fb3360ec551b754fcf409f,Uribe
28189d3ef403f81ba151f8cf,Petro
281d6ee29ba8b7303fa10ee3,Petro
283152b0e1c1c2bcfe3a2093,Lopez
284bff137256ff3e29da6f18,Lopez
28a038e5e7b03c606c50d7e0,Lopez
28e49059aeacec02c4f9c14a,Uribe
28f45a74aef05d02b634c29b,Uribe
29097aef6f1a03a20c821dea,Uribe
293f95b03a1c5f838d7e23cc,Uribe
29759985ed8d5556e7a07516,Uribe
29ca71c99ae40d3a0253ef97,Petro
29ee7d49a8903d5197cc8444,Lopez
2a1fbf5148e494fa8dff1e94,Uribe
2a2a99bf66b1d66656033b18,Petro
2a9f55f7f38d54a77793a590,Petro
2aaaae3bfd2597622b025130,Uribe
2acb8daafdd924545cf12577,Petro
2ad9994621b05b229e052858,Petro
2b1677ef2f047e0040adbd8b,Uribe
2b5287d1cbbbdbebeb4a3c0d,Petro
2b6d2929034273d61a79a250,Lopez
2b8a32faacbff8f8841a8576,Uribe
2bb551ffdf3a5999c17ad223,Petro
2bcf4c7834faa72b36f355ad,Uribe
2bdcbf4c326b9e3b56240fee,Uribe
2bddab067ede86206b675b7e,Lopez
2c0b45c9f0770708bea88890,Lopez
2c1944b0549ca32ea20b8985,Lopez
2c2af3df1a5c065ee484a237,Lopez
2c3ac5a85ba88b38bb06132c,Uribe
2c58365c66ad7a6376d5b8fc,Petro
2c96e0f4af59faaf968e8f17,Lopez
2cabdf271d486eb1b25454e0,Petro
2cb57bb3a79861bb0e182254,Lopez
2cec322346edfd41ba86aa6c,Uribe
2d09e12549afdcd5bcbaa9fe,Uribe
2d137c13f75f1e2eb8b649d0,Uribe
2dad5472217a3e30e23c0578,Petro
2db1fec26b564046bcc5efb0,Lopez
2e0882f749bbabf7282b8da1,Lopez
2e0d94e88a37e6466fdbb352,Uribe
2e3637e2cc85755063d2fbf8,Lopez
2e6edbb01266d9df1d567185,Uribe
2efa135e0cc0d624768490f7,Petro
2f3ded18f892fe6a6c275f12,Petro
2f569c0aceed6b8cab3f26dc,Petro
2f5ec22ee667b223f134b6a9,Uribe
2f682767c125e33cd80ffa77,Uribe
2fb2d3674a5539931ab1b8d9,Lopez
2fbce698c50bbb1251ce38c3,Uribe
302225c0fbeaba7655d8e1c6,Uribe
30b4f92433af24dd2e59e9a1,Petro
30d321b1ac4d24f5cf02ff2d,Lopez
30ff288e06c117a4b0ac869d,Lopez
314c46ba06e772c59e877e76,Petro
3174a0ca83000afb01b1a793,Uribe
31b074fa5b2dfa498fa53d0c,Lopez
31bd97c2b3a3faac1530606e,Lopez
31e58b6beb59a3f4937ebb01,Petro
32071317b8dea8e06dbeec87,Petro
321399803b8ba2fcdb3dec4a,Petro
321e9bf39a6fa4ff378434c9,Uribe
32361baba95419e025e350db,Uribe
32568a011c17270fde477e64,Uribe
327ea4b575eb69a059c36036,Lopez
32ace20d3b28296cc0219436,Lopez
32b89dca21e6ebeb8c9d8ba6,Uribe
32d66cdd66aa88763dc31e99,Petro
32e61fb4ce881f3daac31995,Lopez
33299d7b1c13c98a955dd9e1,Lopez
3338139136ee235b85e8e582,Uribe
336574663fb4801cbda5655f,Uribe
33aaa856b4d8f4c34de40a47,Uribe
33e6eb015e0c4799bd70e0b2,Petro
347f6057b5e935e557523813,Uribe
34d89941aa6519716e08e011,Petro
35117f12a1fb694d9976ffb8,Lopez
352304d0739823880ff5d96c,Lopez
352802a488cc9e4d34c240fb,Uribe
352b58e02626862580c7beca,Uribe
3538c980aeb575ac0f8677e0,Lopez
3569dd33ea5013d2d96c0538,Lopez
35877c1d887a54353bf5c6d1,Lopez
35c98b94877efbdb814eeff2,Lopez
3624010c4e0e057f533ef007,Lopez
36494ef5c4a7f27429d0e363,Lopez
364d9f2479434ddccd783bf8,Lopez
3687ccaecce25e1017a12a4a,Lopez
36912ab2ad8fdc43fc4b51c8,Uribe
36da51a61ad0d1ab0a498b5f,Lopez
36e0e605b2ae94a1e0fc1135,Petro
371034749e72382e2c2c0e74,Petro
37660a42044bd1f26de28bc6,Petro
376d3b6c45fd358e193a9ad9,Petro
37932d0e69573460cdc0e600,Lopez
3794298bda15fe2d21411273,Lopez
379814a152f04db8d8eadb2b,Petro
37e20bf6037199c8bd417122,Uribe
3823265145c32ff7873b3668,Lopez
386d533be688a0a0e75c7f17,Petro
38b67b68c6b2437c71918d6b,Uribe
38c7deb900bba6d3ea9b8d78,Lopez
390712437db80e355bb713e4,Uribe
392d0c48876315869fa487cf,Uribe
39641e4009df262c54e30228,Lopez
398a26dfbf12562bedc7cfa1,Petro
39aa8e40a2f22a96ed1d49c4,Uribe
39f71746e574888fc9fd998f,Uribe
3a08d6b7adfe727f7b7642fe,Lopez
3a2f0f7bc143ef1478e5dc41,Lopez
3a81afdf0e2922f39884de60,Petro
3aa5eac273e41af8fee38fba,Lopez
3ab41be24ec711a4cb9371f4,Lopez
3abd81a5e7859fe1342ca772,Lopez
3ac49a39811e5be00ad62c61,Lopez
3b10ecc682b24164d146d616,Lopez
3b15c078d700b4d1495aa925,Petro
3b704a050dc8ab26d04f18ea,Lopez
3b77d92599de1328f264d920,Lopez
3baf5f00792e73818654f73b,Uribe
3bcbc28267045b6dab3412cc,Petro
3be15a3c124a4d2d09bd93d5,Petro
3bf2030a331ea7c7b9b5a35e,Petro
3bf50d9e40dcdbf5dfc7838f,Petro
3c3674aa5a85f397330699ff,Petro
3c46e5a6dc11f119e8f56791,Lopez
3c99f3de6b06543c1823d2e6,Petro
3cdc5c8df76c97e2ba8521d3,Petro
3d031f8c8e3eac7b82513b4e,Petro
3d160b1fdf9eb978bdb1d072,Petro
3d55b3233458d027ed38c5d2,Petro
3d5622440f2d6d3cfeeb1a30,Lopez
3dee4b9a7937a8c3238517e5,Uribe
3df14ef0aeb27b6caf438573,Lopez
3e15255978400942e21b52dd,Lopez
3e179d9f54e42a97c63e31b9,Uribe
3e1c25a7ddb615a030fb7eb3,Petro
3e5f1a81e5d6ff42c22d9c47,Petro
3ec4afa62c097ef6727bdfb4,Petro
3f0ff3528586295dd8f2c419,Lopez
3f22e789f68eec5b2fa6ca0d,Uribe
3f339464e1164a64fd1afb88,Petro
3f44ac29c459482555db5c1d,Petro
3f5745c78a1cc8c73864e51e,Petro
3f7e0efd099462d7d3f9a8c5,Petro
3fe949671c346c048f1bedab,Uribe
400be19bc1c5f6b0ae8929cf,Uribe
403daa8c218cf7114afffba7,Uribe
4041aed16e9663fb0fc3dd9e,Petro
4082c8afa1fe5bad94a02aa0,Uribe
4093e7de050207083f2602cf,Uribe
40aa7243039c354db4bae100,Uribe
40c36582ee48c11a3de0a4c9,Uribe
413904d988da43ba37b9cdde,Lopez
416cc76c66cae5622fa3dc5b,Petro
416de0b1c73b53648d2afe6a,Lopez
4177eca42689e5b03f9f9f46,Uribe
418088944e595b2541fb6308,Petro
41b5fd969033953bef119b1f,Uribe
41fbc3772566e1ce98e77b74,Uribe
4248d7e8593620e12f5f6f36,Petro
424e37fdc03a9771a7147766,Petro
425a7a7ae7e28eee8b745303,Uribe
428548991a696c46c6a1f7a4,Petro
42a1ce785546e5000551e7f2,Lopez
42b49031c47ce31b87a28f6e,Uribe
43024489b90222907bb88cdf,Petro
4346fef940b384bf09e32fda,Lopez
435493bcaa1259195daabc9d,Petro
43b1fc54473674b8f5ae1bad,Petro
4420675acda6083c556d228f,Uribe
4434084dcb320653c2da4747,Uribe
44917e7dd3e9ca61e6160959,Petro
4491c778a2fa5d69dc0a47b7,Petro
44bbe1331daf72c70f9beba2,Lopez
44cff81178a21ad4e766fc8a,Lopez
44fce75126885c963aa7bfa2,Uribe
453466b89154fad6249ee8af,Petro
4550ff3cbfac9e47bd988601,Petro
45587e97963c940081727ae7,Petro
456d37568b229d43c3225198,Petro
45b83f06f3deae864b57da42,Petro
45c337c8a44317f6cd9aa287,Petro
45c73034d403e6b89fb40e32,Petro
45e1aedeae95eaf777295a3e,Lopez
45e312d3298c3fade2846edc,Petro
45e79c9597ae3ab746d6b0f2,Lopez
45faf39a18d28d18fb0fbb67,Uribe
4658127e2697661ec23799af,Petro
46670f4006a13f01c996a5f3,Uribe
467d63e80f67319f81eb5089,Uribe
4696fc15e65a0ea05f6de2be,Uribe
46bf5f323521dd81e90e1f33,Lopez
46e104ba2786a7442b0bb024,Petro
46e716f2868c6ad32c84783c,Uribe
47624727a4d752814d7976a0,Lopez
4856e425a3298b92024dac01,Petro
486384707a9b50018290a6d9,Lopez
487206cd82d009280f275f8d,Lopez
4873077ffe54bfebb4c184b8,Petro
48cc150af58ebd5369a2ddaf,Uribe
4933f0846930eaadd8d0e2aa,Lopez
499fc61d867eb5b4b1488ec3,Uribe
49a9e912d8d0962c64da9cb3,Lopez
49d996a67d104f2c9f0a16f9,Petro
4a37d2c7bba7e3e3c2aa69b8,Lopez
4a5ed23c4ce9f71548614de1,Uribe
4a65bd302386d84958f29340,Uribe
4ad33e60ea74e8234f41cafe,Lopez
4af6f516e2e9bbed8e83dbcd,Petro
4b6002229f05a185af42957d,Petro
4b79afe1e4229e47937c37e5,Uribe
4bb070f53702bcbfe35de881,Lopez
4bc9ab667b0196796f797f0f,Lopez
4bffd1d74f4d6e96d4b24e65,Petro
4c0388afd91f992c2f0bd474,Lopez
4c449f864aaab6c2b19c56f7,Lopez
4c922aec9e004200217b1f77,Lopez
4ca8aff414b2b7631b4dcf4b,Petro
4cad9ea22311d0d0576dc7ee,Uribe
4cb0fa5b7992de05be411620,Petro
4ccada12e178169a21328d46,Petro
4cdc507aec20f71fb6fcddb1,Lopez
4d062133050dd1d76fafd3ae,Uribe
4d1dc06d6ca8d0da93ceb42a,Petro
4d493a12c692776678d2d288,Petro
4dbe2262e2f366a288b27771,Uribe
4df63c8eeda9219cb37f57e9,Lopez
4df7b75c7e11749986b61e76,Lopez
4e0342653d190c573639f497,Lopez
4e377933e2d92d9fe1546ebb,Lopez
4e471623ebf79eb83db94e8d,Lopez
4e959a260d81eb7556d31d52,Petro
4e9e5892b015f65f4b654cb1,Uribe
4ec1f15c92f6a669bd6971d9,Uribe
4ef5e0661d9a74773c3df830,Petro
4f17e5fb5e719c7b213b3a9e,Petro
4f3cfe4c83db3914738c7bc0,Uribe
4f775021977b1206fb8c66d7,Petro
4f9a6d756814419809b10ae8,Uribe
4fd55cdefa415244ce716730,Lopez
4fe341c76c58438d085b657d,Uribe
502546c8a951385640b5212c,Petro
5026de39fc148033cea14969,Petro
506cb93901d642991f9e2b57,Lopez
50726ae4094b1ae1b76bec05,Lopez
50931fefdaec0cc4f617a85c,Uribe
50c2d60982461597c9ab5ef8,Petro
510827326b8621ebd065f40d,Uribe
51124859d9687e5c4ad4377b,Lopez
512713dd98cc171df8a12b38,Uribe
5137653ea939f53daaacc293,Uribe
5192ba6bc8394f45778a5c76,Uribe
51f3c52e5e473c17fd300883,Petro
5200987bc6ce64c2037da8cc,Uribe
520eb9f695ae9acd0efc9971,Petro
52ce50cf463d294ff6520d1a,Lopez
53137084af4e29ffe0d18bb8,Lopez
5332ec289c494d43d346821d,Petro
5357ab7e20967a928463c41e,Lopez
53e72ec568eda198b86863cc,Petro
54195d454f8dcfb694bf6b3d,Petro
542009ff11e13bb26401dd1c,Lopez
5437e540330fa430e44c4a52,Uribe
543c4c6e6f250cca904b8ea7,Petro
5449289c1947b2fec569b101,Uribe
54b479c34894a85166586a66,Uribe
54ce9e46e35faedec7b3aa5e,Uribe
55128f2d72d846236ae1214d,Petro
5519d342e3bfc28f603c6743,Lopez
55211a6127da3c3fccb9beef,Uribe
55313f74a0c7f63dbe2563fd,Lopez
55ded209f28f656a05b700fc,Lopez
55e652a30f186daad5d0925a,Lopez
572bbed8d3b51a186063ce3d,Lopez
575d799b8852a592ef6369c7,Lopez
578060b7da114404cebe5659,Petro
57af28ae74b5b574f1d8fab1,Petro
57c91511fbff9ca14aa49717,Petro
580720c2a78b719e4c5dcf49,Uribe
5810065a647e87c33b551ac4,Uribe
5822c064b081b56a3bf9753d,Petro
58265cc458d0769869328260,Petro
583e4536be969bc219516f55,Petro
58fbf2b46d4b7ed20216bee0,Uribe
592c83951d95aca359d2891d,Petro
593622352c4818b0821dbf84,Lopez
596a1a572494c0725176e66d,Uribe
598657beb87812a035ee0fa3,Lopez
598e793c42edfc67900f49d7,Petro
59a89f5b3fab66c8c044e132,Uribe
59e648054c1f31ecc3ee7dfe,Uribe
59fc8e53dafd44459558f629,Uribe
5a228bf6284234eb4df470a5,Uribe
5a3fb4b99b9a5c9cf27c4a4f,Uribe
5a4e13fdb80379c7c6681a67,Lopez
5a8516913b6080ce4d5f7c55,Petro
5a9bdcd16ab631dfa006a6ef,Petro
5aaacdc22651ea3b6e7c7cb5,Lopez
5aaf9795f8504c48fbb1b055,Uribe
5b6e1377a8212523426e7c42,Petro
5bd62c99276d4ded94095ac3,Lopez
5c00ea42dbea3610b660da4c,Petro
5c3b7b41f4c9e4285a886cec,Uribe
5c4ac59725963c5b7733901a,Uribe
5c565e2e1b32b258177e5b38,Lopez
5ca1ac3b8ae0b3dd7219b9ad,Lopez
5cb81b7825d378f738ceb051,Petro
5cfba312bb8d89b7ee9ac9ca,Lopez
5d2689d5a535e5995334f2aa,Uribe
5d31c6fe55665ae9971b5676,Uribe
5d3a237f3bf86764d8e22277,Uribe
5d69bf66a896c78a4afc8e51,Lopez
5d7b79c9276c8b5c37a4314a,Petro
5dd0ba051a4f89a6085a267c,Uribe
5dd15d14fdd31b0f0a65c979,Lopez
5e1c648a7ac5d3d45d5dc0bf,Lopez
5e35c323f47ad62eb7d7318b,Petro
5e3c8eef00e63990d1d05998,Petro
5e543d53e6669743f5c29c5e,Uribe
5e7253cee8a33a9ee6b02ed3,Uribe
5e911896a02430cf70b2c1f3,Uribe
5e95cbf3fdde587cad683be6,Lopez
5e979191f7efbae1623e9aee,Lopez
5f28a74e9d4277b7122b2077,Petro
5f4a8e0f6b628a8d8c861faf,Petro
5f7c915c85adb6b30d571267,Uribe
5f9359212b8d2206dd86f8c6,Lopez
5fadaedc52d38c30c96dcc31,Uribe
600ae0e109ab95316cde03fa,Petro
6045a77dd04d7618b0ff8b69,Uribe
604f85bbf7d3e295ac76823b,Uribe
6068a6d36d23ad9baef84b21,Uribe
616625d083b60f1e03d4b476,Petro
617192c47672548910aca070,Uribe
61783f02daf6a6006d78e88a,Petro
618b2714c3d5e42dc634fa4b,Lopez
61ab766cb9cffc659a597e67,Petro
61c94fd33c2c3c1e5a874bcb,Lopez
61d38a289cbb64f34d8036cc,Lopez
61fb88b9724be08f82ef12ac,Uribe
6215801f8e5dcc0c678e4d25,Lopez
6217705f102f1d78d1818907,Petro
62197b2be07bd2fdbc84a848,Petro
621f1f74e1c4d80c1058be98,Uribe
623034adc0410369dfb801ed,Uribe
6241ca9f147da43444c6c618,Lopez
629516b4300e9309c3a67c3a,Lopez
62ddb18327e2319a9b710bf6,Petro
62ed14e26748644d9e5243f2,Petro
633c7c37c06d273c7a9ee67b,Petro
635ee3df199b8d085618396f,Uribe
6387a5b640a414aa85c71ac1,Petro
638ea5efedca643d8e425407,Lopez
6396ea95308f78c9370f05fc,Lopez
64115696f2bb440340672ef9,Petro
64148a78c9d8a3c0a787b7c6,Lopez
6421386c41c2ed55c0de3840,Uribe
649b4ce8cefd7ff1c62c7d06,Lopez
649d22b944638d02a76a244d,Petro
64c04d98bb3071fb352bb4a3,Petro
6560638eb988f724e718f200,Lopez
65b075d828e6852edaa3eaa6,Lopez
65b5832bcba6fae595750602,Uribe
65bfd8d3109cd468951a238e,Uribe
660afe00345f1de22ce2d4d5,Lopez
6627b337938e668a7e5e276f,Uribe
662c49ef240cf09c9aa59b0d,Uribe
66479c8796711b3e70b1dd62,Uribe
66fe3c1ee879b9f4f41fccd8,Petro
6745c5d824998eb7a6f8d301,Uribe
674efc1de7d2995c13fb6fa3,Lopez
675b5a10c5c1ad0c1bf4299c,Uribe
67676c7be2e654b3f8157f91,Petro
67bba4f748ed206c1325816d,Petro
683b0b89c037c0edb8a1a9ca,Petro
683c9e54786a8f2bed20d68e,Lopez
68522c03a21f590dbebfc392,Petro
68674ed14df8c9215c37eb95,Uribe
6872067104fc649e40e0da40,Petro
688c8fd5d9e2c844b90b90cf,Uribe
699ab733a8a1f3bd37775a44,Uribe
69c1c38f3e98f1901a722242,Uribe
69dc43284b6b618e6e599f7a,Lopez
69f2521f727b182b23c8231e,Uribe
6a120477fcd532a5d8113341,Lopez
6a30b98095a4723d4d6a0e26,Lopez
6a35e1e03c58a9e4dbb1cf07,Lopez
6a62127db65ab68e261545b5,Uribe
6a652cf1c368085c159b3bd9,Lopez
6aa606fe4ad0d0ac4a1fef50,Uribe
6adcae7f4c035e8c1cb6d59a,Lopez
6b16989af435bb911bab06fd,Uribe
6b9210418fe99a2ef7bb5e4b,Petro
6b99e35529a217d33e22c063,Petro
6bb82caaf3769f025b667b71,Lopez
6bbc25f2b2e1b80c63638f67,Petro
6c459359a89c325d84d20001,Lopez
6c822b7983fdedddf480db61,Uribe
6ca02bbac886a64780d57df1,Petro
6cd01dd960c14715ad1d12f3,Petro
6d2804b1d7b8fe747a033afe,Lopez
6d4ae630089dca76e99cc405,Lopez
6d62c31a9bdac7e11174c8af,Lopez
6d82415cce22b56ed241bd77,Petro
6da8a85e1e869deefcbb10de,Petro
6de8e861f8a131be2b235c1a,Petro
6dfb9f43a1672fb06ed81402,Uribe
6e0311418f55c0e228fd5175,Petro
6e07ec2e75d1a374b11b1bc5,Petro
6e610a26cd0607ea6c517e41,Lopez
6e628d0b6fb84342ebc41107,Lopez
6e8af4892c32fd01287ef81b,Petro
6e8b02e5437584b54678fee9,Lopez
6ef020938f90968cc43e2e43,Lopez
6f2a3c9dbc891f52050a6a19,Petro
6f301b0044a42c6ed6515858,Lopez
6f4f09622255e9d9d76251b4,Petro
6f7ae913dc5cb5373ba13fe8,Uribe
6fb8ae7021fcfaad267538f5,Petro
6fea741df84ffc87490d145e,Uribe
703cd9a32b5128d7a86930fb,Petro
70455269a77cb0cb238ec59c,Petro
70e15102f4c51604e230d149,Lopez
7111ea866cdabfda64a1713e,Lopez
714ac45dcd32212bd2ea7df8,Petro
71cc1ea29f33ffddbc1ebf53,Lopez
71f406a1f2167b7e76ef33c9,Uribe
726876127ce16ba5956ff89f,Lopez
72a36a4c477e5ae99bc1f27e,Lopez
72a79119e516ca3ee9325b42,Lopez
730abb4da4b6a0ddca890ed5,Lopez
731a21e5260ada463ffcacb7,Uribe
73eb7614b2ae537c567e3d1d,Lopez
7417d6a8268a7e8c3011ec60,Lopez
742345d6fffdcba8803bda88,Petro
74837a80ec063ce3f6d43392,Lopez
75180e0b9891c2de0fe223b2,Uribe
75253b40ec4092df867ac87f,Petro
753914c2d36f13b66443bb4b,Lopez
759bc19438f3c9a1935818e4,Petro
75adbcb33ba0ccb96ac2c590,Uribe
75b61c0649269003e45e6264,Petro
75e758a7739c53fbf90b5edb,Petro
7611066e1d1e969e86305bef,Petro
762b66c2298538b121f58da9,Uribe
76319219200ff190a3e980b4,Petro
764bf2140117b20e107edd2d,Lopez
76b89c67793d23cf337bd8a1,Lopez
76c69cdb78d47ac9911ed793,Uribe
76da44dc8550fea0febf4066,Petro
76f82ef3fde9cb2ef0de7791,Uribe
77312cddec5186af6fd86251,Uribe
77cd9eca3861a31f29d5e074,Uribe
78668ebe292bf911a8c24531,Petro
78bd664da3ebd5a2879e98c3,Uribe
794fabd322a9f0e8d91293dd,Uribe
798323d9fd0b9ecaa016e475,Petro
79faba536719dcc7ec18e4f9,Uribe
7a2afe22f3d72222a8ab8c71,Petro
7a84aa994e2b1d7efaf97d9f,Lopez
7a87f527b36667122e2dbb74,Uribe
7b091a58444c76ef18b24e07,Lopez
7b113f7c06889642e5f0f31f,Uribe
7b3dd1febbf87b771f909c59,Petro
7b7a4a9869237b6ab719cf6a,Uribe
7b91e510f55c9e5a57cfa263,Petro
7bbcc0fe20a46835df3af6f2,Uribe
7bc6381936cf794b889d24b9,Uribe
7bd336f738836c503e08c9b9,Petro
7be15f4dbf36147bfacc49ea,Lopez
7c0999f1582a7cf27e264737,Lopez
7c1522261795cf7f1513a508,Petro
7c4182fefa33900909d5adb0,Petro
7c5521a6303921f2eff5e7ad,Lopez
7c75fc37e8986d34410aaa44,Uribe
7ca9642b3c5d3bef5d6939f4,Uribe
7d02cbbf66f02906eae1ee74,Lopez
7d28e7dbe2fd19dc21165a29,Petro
7d3dce6ae3ec938a8350baa2,Petro
7d550f6f4ee6562528b934c6,Petro
7d6cc214dbd104308abdd751,Uribe
7e17baaa75cdf1b29c32cff5,Petro
7e3728648b5c8372c9c0f202,Lopez
7e7e83a690eeffc4f71334f1,Petro
7ed000942ffd63bc420de4d5,Lopez
7ee9cc9d7eebe6fcbd0be0d8,Petro
7f3afb4039bb5714c84a119d,Uribe
7f7695f4360eccb924b039a5,Petro
810d71428313277687785ce1,Lopez
8139c5743ee5148aa9075f1d,Lopez
81a4874f2a61bb9dda5e5b04,Petro
81cc7a4c41bbc3ea6a9a7e50,Petro
81dc1b2b9c3db7f24f92fe55,Petro
81fc1999c1bf0a347e5b5bda,Lopez
82035d4420560dfb525aa7c6,Uribe
827600fbb56640a654bb2096,Lopez
831d8673a9a5130bc8773709,Petro
8351e8e099058f020264a2a1,Lopez
83842d155d7787b104d5db31,Lopez
839c8e2fbc97bef03d6f9d1d,Petro
83ee65ef13b69f12cbcba034,Lopez
8413b60a693200ed6007a995,Uribe
84acb8e6268e84e2a28e60b4,Uribe
84efb439ba0fb68ce6858f3e,Lopez
851b834d63f19842a7fad94f,Petro
85213309bb1e9e5182279d22,Petro
856cc9aa870c57113749496b,Petro
857372002875d037e0d31706,Uribe
85dca35e6a66ad31d1f3de18,Lopez
8616872efc45db7040b35391,Uribe
8619cfb3da2a091bd79688f0,Petro
868d4806d530a734a44b08d2,Petro
8695a598337113f96b17d0da,Lopez
86980f03269db012b9e0fb21,Petro
86a3eae22ef2b2cce2c62af3,Lopez
86b87a529109b93dcc617c1b,Petro
86cc302137c626a687abb394,Lopez
86d0f4c17300affad4503cba,Petro
870e31f6acfd6789e87b340e,Lopez
87c43eee03bce0716e50ecfb,Uribe
87d259cf3b1d2e3bbc3c3867,Uribe
87f4b63f7776319c0b628784,Petro
883d6ba5e2d3bcb14ab32211,Petro
8854be3faed89f16dfab6d67,Petro
8885720b251cb808087ca6a3,Petro
889492f8e8feb874a61c4a71,Petro
88ea2a376547d22070e888c8,Petro
8923ca9b0b20c33127623135,Petro
893623237985328ef2b32d75,Lopez
893b440721a4402656cb6108,Lopez
894b2e04ff68f89f227cd9b3,Uribe
896363a097c25cadb40cdffc,Petro
89794b707540e6c8e37084a6,Lopez
89b97086c3fa5c8fddc0fbf4,Lopez
89f7e752723030ae4fbe834c,Petro
8a167c725c82036926b3f6c8,Uribe
8a83953ab294f6d4630febff,Lopez
8a9f951caad9d8a0d37994e6,Petro
8aa863a405f9fa3102256c9a,Petro
8aecf68f1f67a978059043b9,Uribe
8af33ce20f63009c0806346d,Uribe
8afd13de8e4c48c45b60e368,Lopez
8b546e6443a09e06e0919e9c,Lopez
8b85e72461a4c55689af794c,Lopez
8b93adac13d372b64a06293d,Petro
8bb5b51acc78280ecf569e2e,Uribe
8bfca9e897aedb5f71e6d222,Petro
8c5c583981c60b79ba42f5a7,Lopez
8c6df1be2f39c09543d35b71,Lopez
8c969df40861d30376d9e995,Lopez
8ca49bf5417088b733c356f9,Lopez
8caf6ea36c1546206ab6f66b,Lopez
8cbbfd8538989781385d31aa,Lopez
8cc9e1b28b69e3f0a8c3f57e,Uribe
8d00ffafc735b1ea85b8fb57,Lopez
8d1798bcee9e041ef8c74076,Uribe
8d3f752194c347f31a006c59,Petro
8d704c5896125a5b0c0dd83b,Petro
8dab0f744104005ef287efdd,Petro
8dd542c8a2249ccd206a35f2,Lopez
8df9c34bad22b06e7287115f,Lopez
8e115558d3ec5bd2c5cedb32,Uribe
8e2af6ae589a08fb71d0fe50,Uribe
8e2c09f3e64ff54367592da3,Petro
8e37d5a426dba0f893bb2036,Petro
8e683c7784345140857069ef,Lopez
8e6aa30a4b348b0907bcb94d,Lopez
8e70a7dbcb01eda5b4cf0e9b,Lopez
8e8baba0679b9e98ae1b4fad,Uribe
8ea07acd62ae47f92ad69aac,Uribe
8f21a8c93818b68a08850031,Lopez
8f8cdd68deede36169047d84,Lopez
9042c14482235542a835625e,Uribe
9060b9f3227ecacf3eabb888,Uribe
9084c84e64606c69c9f74e93,Uribe
908903711ef4e2487b8cd547,Lopez
908ccbf80aa35cfd69019331,Petro
90b343fc9380614500a459de,Lopez
90ce7f7bd99745b4f0b58125,Petro
90df4012b2bcbbdd00fe50aa,Petro
90fda8dc20ee926792253651,Petro
91144e2ec22e07fae7e3a97f,Uribe
9127733574e390791f843fa2,Lopez
914e7cb61ccb810c2936b522,Lopez
917429e786c50572793b1b6e,Petro
917c8975759094c0075b073e,Petro
918b02d1583100a62473892c,Lopez
9193d4a78b16b5dbca32e4c6,Lopez
919d27de5da85af378e2ff61,Petro
91bc528c70d334141bf343f4,Uribe
925158d7de19fceafc40bd9d,Lopez
92573a623a6b98d4eb490612,Petro
9283625d6652bda8801ecaed,Lopez
9284fb5ae026a4ee4b1d815a,Lopez
93077d43ea01edce9bbe873a,Lopez
933505245e5206491be3cc9d,Uribe
93b6cddf8043f63c3137113c,Lopez
93de98b3c73f459faa99df67,Petro
9435db4ac296d21654e64b66,Uribe
9464aa02542fe0f241725f10,Uribe
946a8e73b0716b9c76bae3b2,Petro
94ccefefea0e94066add9191,Lopez
94cd020871f8d5ddcfddf5ef,Lopez
9511b0a7f2fe424dbb6ef802,Petro
95741cf9493135eab19026fc,Uribe
95a0fe5f1385eb779fb4d020,Uribe
95d66e15d07ebc2a2280bc56,Lopez
95fa64da1ae61e115384bdf5,Petro
960572cff84775b3fb38e6dc,Lopez
96165a8af24ec6b6ebd12827,Lopez
96396caef47384b75e647591,Uribe
968a958aeb4b03cab9551836,Petro
96a1d63f607e79613e09c7cc,Uribe
96d82fecaa6313cc3b371647,Lopez
96ea385c5c8599e7502aeee4,Uribe
96f19ccba3578f0724c0b547,Lopez
972554fb66531184c292d4ec,Petro
973f48847e97368ffbb87b18,Lopez
974a3ed7ae310f68023de957,Uribe
9771c03da2c5606d6191da18,Petro
97832bbd118547a7622be5b7,Uribe
97c171b8ca8e9caa22577b58,Lopez
97d43cf6d8076364f64620a0,Lopez
97f0d8780638997b78e20e6c,Lopez
984a23d764f2cec85396617f,Lopez
9866c17771f898e825b4e6b6,Uribe
98bc3914125c4432bc1b4c4c,Lopez
991bd6aa5ec19a2a0d627300,Uribe
992336259905bc6ad0ab96e5,Uribe
997e132526175f37ac5fef40,Lopez
99abdd6143ffd1ba7f789952,Uribe
99cbd670b8009581584e1e5c,Petro
9a0a1df7df1cf9eda76cba88,Petro
9a19062df3d262516d0e0c39,Lopez
9a20b808f62f4d58b07ab6ca,Petro
9a5571094af160754176eda8,Lopez
9a83667a2a1c8ee1b2211b8d,Uribe
9a8873cd3e016e5c85767151,Petro
9a8db8d5b7104a7f648e617d,Lopez
9a90f73f5495bc1f8c029175,Petro
9ad8ad3771ff024e17741582,Petro
9b24fbccb9075a1215ce9829,Petro
9b2c2408169657a2fbb24e77,Petro
9b55d4d85d326b42f24dfb1e,Uribe
9b5ca9873edeff1faa1b930c,Uribe
9bbbed0242265e2474e4d593,Petro
9bf7b1ab1a27a2bf1c2a3955,Uribe
9bfca66e9550d7934cc40732,Uribe
9c0cbfcaa2e1a912ea851f2b,Lopez
9c3a8f4ae4b80abf9457cce9,Uribe
9c3bd65d820c3849779b4d94,Lopez
9c8e0c26e1c72fdeb0dd548a,Petro
9cbd309a0aac99e6f1797ae4,Petro
9cc22e1bcb818a659c34235e,Lopez
9cdd0d75991e699d9f70d074,Petro
9cfb6f8b5ae2b21ee1103254,Uribe
9d9df1aa033e37ec098ed6df,Uribe
9dbf6637539fdcfe5984ab61,Petro
9e1738f75777f561ee7d6291,Lopez
9e2f21a511f564a72154d909,Uribe
9e888cfed06df6af52db3082,Lopez
9e9e2b17eb0cbc7ef8761694,Petro
9eb5747aa9da12abacf9fae0,Uribe
9ed402cb80f2d3a11a9ab1f5,Petro
9ef176775b4cd0c81165e8fd,Lopez
9ef49f1ac98d92205c6779ec,Lopez
9f0c4c4dc3e7b808bd898b87,Uribe
9f14ee65137aec9476077c96,Petro
9f1dd82730a87df57679b8ca,Lopez
9f1e7bb86adf53c10de5e92b,Lopez
9f205496510ea8258af2259d,Petro
9f413dc1d1d29a9cce094a75,Lopez
9f5a54ff2aa94f357c0358b8,Lopez
9f75eb9fef212a7d73f52c40,Petro
9fb4992fefe3d74cf8098233,Petro
9fc0da3f50660b41ac1098ae,Uribe
9fe0dedb1e59b3c4da306012,Petro
a01097b702e1b29cbfb357b3,Uribe
a049287f7ec6f9bdac86ce87,Petro
a06e9eddfaa1e1c1bdcbf20c,Petro
a0cc0ca50387caed9627f701,Lopez
a0d346e5970e212e56a0cb75,Lopez
a157266c8fa9220bac8c430d,Lopez
a1bd8b0f8d1ab4faf593c2d6,Uribe
a1cc8a57ba42f15604cee752,Uribe
a1dd14e71efaa2b3f9dd411a,Uribe
a1e1d7dbb7308c60d00db856,Petro
a1e8854a111f7d526056e95e,Lopez
a213dd84e866c2cf6c7e0223,Uribe
a2158238298d51d7669818e5,Lopez
a23f34673c50fbe02f7e1ab7,Uribe
a24723c35c68129d24ec808f,Uribe
a288df97069e006efa4106bd,Uribe
a2b263a0963e81b6dd1b0730,Lopez
a2c6ebe2bbc957ab7a4a1d1e,Lopez
a2f7d7cf917342d470c867ff,Petro
a3a4e5322acc9d7747ac7c23,Uribe
a3a50081c14c620ca68bbd23,Petro
a3ae1fa7079e40caa3ea474e,Uribe
a3f03d083499c1bfa8cba4a9,Lopez
a4049dfde1416f146269a2b3,Petro
a40aeffa77c0577d38ef5bdb,Petro
a41512a92381547b38757262,Petro
a41f1d35213a348480d251ce,Petro
a44327feef620a6b9367441d,Lopez
a468376f006beb9d820dd105,Lopez
a4915d3b73e79dbb8a4ff903,Petro
a49177082a6ada70d2660aac,Lopez
a4aeb45bb99b3d21dddeddfc,Uribe
a4b7ee4eeeca7c3a0135ea18,Lopez
a4d87e41351a66adf1f1b50e,Lopez
a4dad61e6d891f0b35a5d314,Lopez
a4f12c4d68214b0fa325227e,Petro
a50b59701827f3c6f58ef7d5,Uribe
a57b692cc832e10874bca21e,Petro
a5b5d14d1aa492685dfa2132,Uribe
a5b91b8c7526a6c490d42744,Petro
a5e5acb080763ca14184e61e,Petro
a61c97cde62b5f8841cc2105,Uribe
a63b368ac48414e5b5b3c0c2,Petro
a64652254b79dd11cf3075d0,Uribe
a65f5668dd88876d3eaa0a50,Lopez
a6a8e4f060ba05ec82facc40,Uribe
a6ead31e6eb2eacdf5e7fc29,Lopez
a708845fee7db228590edd38,Lopez
a7b02345101d9c96f4052c6a,Uribe
a7dd380dc376f635a4f2ae61,Lopez
a80b40bbab061a83dad288f8,Petro
a85d0afc58cc5ae4ef28dd74,Lopez
a86ba670f8c6f15a8b6de654,Petro
a88025d066a3352f61274be0,Petro
a88d2d8c0a43bd8457f9c4b7,Lopez
a8ec8bdea2b6029d178fe028,Lopez
a8f45063e24e992a15ef9cbc,Petro
a8f923aba2cfba48e7c8016c,Petro
a91dcffa87e75df41dde45ae,Uribe
a9717f4ee1120332a3c2384c,Lopez
a98cb2e47e8ab94fcd8fb926,Petro
a9ac9aa84fe88b8710e17c54,Lopez
a9bc8834ad5e94864200c9a6,Petro
a9e62ee577ca76a9013d5098,Uribe
aa1bf73a46246dcb3ddc202c,Petro
aa62ff0b96b1af3d4f3e0cfa,Uribe
aa665b040eed5e7731516aba,Uribe
aa943b01f1d988841d13d081,Lopez
aabc5dd239d0a2c3cb1a9f39,Uribe
aae175e5c9c09befe40fdbad,Lopez
aaf41b4f6a7f06406b65b94b,Petro
aafe897b5fc5fc00f2443013,Uribe
ab0fa9e51ec12aefe0000b40,Uribe
ab1574b134d7d73ed8ee2bd3,Uribe
ab6bf7e7600448ca89a1f4c6,Petro
abaeeea5f114a2ff3bd7d552,Uribe
ac0315724c8290dae784caaf,Petro
ac1dede831a8533795891b94,Lopez
ac283895e14a0cf39f261c24,Uribe
ac371050e67410857d1e03d5,Lopez
ac49382a61081946436f3b85,Lopez
ac5e3aff140f4847651b2069,Petro
ac74f771bd5137b9e684d6a6,Petro
ac7fd48f02ccb2ec115aead6,Lopez
acf264db6fa7713f61625e50,Uribe
acf308bdcb1303fcbba3326e,Uribe
ad37cbe4f959ffad97ec9beb,Uribe
ad740378d44f2f6c13069b7b,Petro
ad906f35a73c4829e40f4a4b,Lopez
adc87da4854770b2bc571f61,Petro
adde10e6652e236744dfbadb,Lopez
adedc29d3bbf28180e4a464d,Uribe
ae297fa60976eb78454e1cc8,Lopez
ae865b96771b391f2cfb858f,Lopez
aea91df966fe34bc9eb4a4ed,Uribe
aecff38c4ddd03c7c3b72605,Petro
aedd2f7d9ba626dff84b9cf7,Petro
aef332606186220e84305aa1,Uribe
aefd318f57227e4053f64191,Uribe
af8b364976ee2fa2d39b18d6,Petro
afaac0a39ec1ea5f58308407,Lopez
afef257bc8facea0c789160a,Uribe
b01d2036d88295d3ada15229,Uribe
b02997b11a3fd172f70fc7a6,Uribe
b045b4e02a5c61bd289eb77f,Uribe
b0a22ae1d0e630ac2848ed0a,Petro
b1015d11f89e62057ec9a53d,Petro
b14fc3727f7aaf5f6c02aaac,Lopez
b1597b5452c0b1a77e7b9201,Uribe
b1be3f8d153939425a7f5b56,Lopez
b1c14498c833d914d23d02e4,Uribe
b1e96539171777b4aba54de5,Uribe
b1f857523b14f3af096bc2f0,Lopez
b1f9a752695bf5ac8a9e69a5,Lopez
b21b25bb4f29fd65f8514d73,Petro
b26a6050f1c30d72f043469d,Uribe
b2752ac10100bb87f64946fe,Petro
b2a9281a0d44a43cf6546db1,Petro
b2de29bc1d3e9c4a50770f46,Lopez
b2ebe420e7ee60b8077380ab,Lopez
b32f6c225b069e6fe562bec8,Uribe
b3803fa9ae8cc4679e8182d0,Uribe
b3f6f639eee7dc6ef76eff95,Petro
b3fae7e38d2ba3361469a651,Uribe
b421cb6abcf9922cd462642a,Uribe
b438c3791323c437fd094883,Uribe
b43e94e50aced7dd24b05836,Petro
b441630ff7c2bc5c52ea2e01,Lopez
b44a59185748ca016e324f54,Uribe
b45255dac424b69f8abcc477,Petro
b46a94c70c5c0cf0ed3c1ff5,Petro
b4c73785fafff216a35ccfd1,Lopez
b4dfe967bacdf5df6a6b7bce,Lopez
b548880abc00e57e7e56c418,Uribe
b54b3890026f8d6ef01a54c0,Petro
b5688783f836aa0d3cdea861,Uribe
b5865dd57d228ef11c3445f5,Petro
b5b9c7b10f45b9dbef8ee1f4,Petro
b5c0423fd0f26954232071b4,Lopez
b5cf20e5b6b30e81fba08677,Petro
b5e5d849432942562a26c30a,Lopez
b611c26da1155a1fa372e4ca,Petro
b6409b4003c14e417779acc7,Lopez
b6861af4819d17e1ddbd1b00,Lopez
b6ad94b4d021330a09eee4f4,Uribe
b71dbef1970935cf8f0003a2,Petro
b73a9649a5c6f2dfa7a8f382,Lopez
b7ba8e6a1591716cd212df70,Lopez
b7c9d9ceae3998da473b9562,Uribe
b80beb66fbf7c3b30fa228f6,Lopez
b836b62b31cd6a422c069815,Lopez
b83a45ba6cf28b6b65505c7c,Petro
b85b7ae52a8eae2535016e93,Uribe
b89787750d82b323edeb61b2,Petro
b899ea869e302ba08df675f3,Uribe
b94d7287b529efca810cef20,Petro
b96150e5f7fa8e33114a32de,Uribe
ba085cc780711d402cf32429,Petro
ba33af47013c2cda833cdfe5,Uribe
baa2ea8f62d5f1c6757c2569,Petro
bac2a3805e66ae5cbaa9bcf5,Lopez
bb65250f1ff7582e4380a9c9,Uribe
bb6c093a1d86802020f801dc,Uribe
bbccc44cc9d1c26d08951d9b,Lopez
bbd9354c2ebc6762fe7ddd9b,Petro
bbf62dea7565597664ad2e1d,Uribe
bc4819f2502dd621ec7d6496,Lopez
bc561da9a4801d460a6f9244,Lopez
bc769e6d36830e4b48b511a6,Uribe
bc889fb345487c4e786f115d,Lopez
bccaaf4d65ee2a04247bd1de,Uribe
bd206e197b644a8833385970,Uribe
bd49c54266a6e43e326f1eb5,Petro
bd5d92afa71d717f02c376c8,Uribe
bd673fceae2e41ef07b4ce5b,Uribe
bdba1c618b3267f441b4334a,Uribe
bddde3b5d355a81fa82515a1,Petro
bde6102888c2dc0964f1c596,Uribe
be43c7c50891967439ba567c,Petro
be72fc7211e13f812ae7a737,Petro
be7ccf26a4a5cf6d018cdef8,Uribe
bf01f2f7ffd20a2fc8e76958,Petro
bf1aa32ae57a6436425bc12e,Uribe
bf46da01ab7eef5672c2a1f2,Lopez
bf6d4305579de096005b406d,Uribe
bf9d9d3fc88f56163dea1058,Lopez
bfade636c0e162ea7647fc7f,Petro
bfc5b903813e339d08afb429,Petro
bfd39a8a6a5ad9e179517ada,Petro
c00397085757c58346892832,Petro
c01963e6f05d7e690ee9a64d,Uribe
c038f029613a872c3a69f41b,Uribe
c0efbdfc92d7a8b18f83b8a3,Uribe
c1088939578d2a28270a0bfd,Lopez
c11390d4ea375a5cee7cba38,Uribe
c171270b13766e930c746983,Petro
c199a1b0a9227620c87cb0e1,Lopez
c1b52f7a58b5aa05c8b6506b,Lopez
c1f1d0b173c3fe2a29deaf5b,Petro
c2f888ed9c1616eb1e43fb5e,Uribe
c3027e9f3c45481e039e14cb,Petro
c30dc86fe15097c9ffd1834d,Uribe
c3567b51e545db57bbae7eac,Lopez
c39f7445e560cc5c2d859976,Uribe
c3d5c300b0c661594b786929,Lopez
c3e84753d72a5b96aa9a860a,Petro
c3f4c911ecf134fea586a9ea,Petro
c3f8b46fb23095c0a1149cb0,Lopez
c40046b3d09a036d6343a52c,Uribe
c450d46891d42186601cabb1,Uribe
c46b65b97862906a5b19849b,Uribe
c46fcc907fb1498b0b76df03,Lopez
c4963acc5376771bedce5d10,Petro
c4aa23195f293b2936fc4636,Lopez
c4c84b9c049f9480cbbae0c8,Lopez
c506eff1bb3038f27b9e4879,Petro
c515d4412f176ed120961531,Petro
c516eb8bbaae80a2df4102b2,Uribe
c552474ef72cf7095dfe8542,Lopez
c577689684a9988d1d05c416,Petro
c5782ae13c21b2fdae853216,Petro
c59d3eb27ba61a7d3e0c26f7,Petro
c60a6a0d919e9ccec986c630,Lopez
c60fbca00b96b692edaa00ef,Uribe
c620e09ef1d2de997bc6aad4,Lopez
c65d6fd5316f754f09957cb4,Petro
c68714f15b60e96ea549cda1,Petro
c68eeb5e7e46514ed1d240d9,Uribe
c706ae6bdc26cb4ff60a20a8,Uribe
c7124401d5007dd02b744621,Uribe
c71c53fb6f2fe4df0fa2d87f,Lopez
c72aaf4216b032b5f0ed4be8,Lopez
c72cb1555ff39369a831ca0a,Lopez
c7301b7b044654984d8ca51d,Petro
c7592546f723db4fc662c0e2,Petro
c75a963c9b2878e78aa21f13,Petro
c77bb28dd22428c68a1fff8a,Uribe
c79ada374b8b5bf2ed48fcb7,Uribe
c7aed6f220fe485d26ed18bb,Uribe
c7b4f3c2b38b3919a8f1459e,Petro
c8085121122243fa5642fec9,Lopez
c843300984e6effbecae4b90,Uribe
c871e2b36773ecfd8de512cc,Petro
c8ee3aab58466cb7e1f1dcf2,Petro
c920180d9bfef2f9dceca74d,Petro
c936980bcfd49204cb73b05b,Uribe
c983525a1a451cc73c194b20,Petro
c98d3ef7cb2aac694a76b9ac,Lopez
c9aa464737e8209d568bc566,Uribe
c9ac38b6ddc638c9a848df1a,Petro
c9e12871a0cbefd5eaad5b3c,Uribe
ca18ac2f55c2a55d21d6e730,Lopez
ca4853bf76030b9908b780f3,Petro
ca58dd2a5aac6a41d269a05b,Uribe
ca73aa8626be424aeb7463db,Uribe
ca8c199bcb9c16c5d029a647,Petro
cab0b485576de6d44503d706,Lopez
cad19d6ec2492da7054327e4,Petro
cb62e30d2252a372e071a4f3,Uribe
cb66d46e0b538bd5bdfecaef,Uribe
cb8669dbb378e0e0c2691d49,Lopez
cb9389881acc0964a68f9428,Lopez
cb9ac947c675464803342fc9,Lopez
cb9b8e63323c7454cdc7c96e,Uribe
cbb744a45c0a2050cc6d5d0d,Petro
cbcfb6437c7d0506ac66e54a,Petro
cbdbba4a34f13c6d6d3ab31d,Uribe
cc14d1b9161f9e6355ce8fca,Petro
cc5a771b8ec24c661369c5bd,Petro
cc8f253c3fc13eb1832f8855,Lopez
cca00f08889309025afaee76,Petro
ccba04cd99ee6e4c07e06dcf,Uribe
ccc0faf56aa79487c15781a0,Lopez
ccc21e0bafcd97a6f7039b9c,Petro
ccf4c6a8257b2e386874c872,Petro
cdb4c7e91f51d24ebca2fe65,Uribe
cdbc647c49eca8d37b0ec4d4,Petro
cdc90efb96b360ee251d1973,Uribe
cdf737e57e950c1349345b29,Lopez
ce32c9e1f99705d093e95d0c,Petro
ce8841cc163045fe158d7d75,Petro
cf3e7dc0c86b742deaf9634b,Petro
cf9fff46d1de36be68864725,Uribe
cfc2c020565d357b0325604a,Petro
cfdd100d824a37abcaa763a7,Uribe
d03416d41f12ab3a6d8e9cb9,Lopez
d04874bf520d892dbe2b8243,Uribe
d06b8217d4cb977656601184,Uribe
d07801ad391ff8c2f2cb3731,Lopez
d0a826a61ef3f7abdd5eeea1,Uribe
d0c99d47237fd561bba226e5,Uribe
d123aeafde40f8ff00d89329,Petro
d142da24d07c2082184fb52e,Petro
d1b88f93ad1b5e670ebce3d9,Petro
d1eb53be99fa263c10911af9,Lopez
d225b241bc16212feffc4f5d,Lopez
d249772f2645bc006748695c,Uribe
d25f3b7f31995e7b4907d80c,Petro
d271a6c9398154ed12966403,Petro
d298b02f39b61b062e84e8e3,Lopez
d2b4ebdc0163a7c2c4d1e25f,Uribe
d30345996da52dd5f6567cc4,Lopez
d317c04bf7d815e4100b7927,Uribe
d3493202170f71fd0c63235a,Petro
d35cd068a09f8a126ec41331,Petro
d38361efe136316ff0e285bb,Uribe
d3a01ed7ccd75509e3802fe3,Uribe
d3ae40a884ddcb0493e919c0,Lopez
d427c900b18040ad860b1e34,Uribe
d4304f8f0a252811475f603c,Uribe
d442415b7c84c56145f2eb7b,Petro
d47e62678ab9d23fb7d75465,Uribe
d489a1f045e0883e03baa658,Uribe
d48b44b95f47d444971c88bb,Lopez
d4e9ebd4b9c48544ae64b0a5,Uribe
d5007a8aadc419e62d6a3711,Uribe
d50ae6d80827185a1c038b09,Lopez
d5c84883568207d345fb1969,Petro
d667a27ec35128624d5ba4dd,Uribe
d713a9e61dbb23e97e48e4d6,Petro
d7200e535517529b8e6856b0,Lopez
d725002e109a98e26e0893c2,Petro
d730618c309bb38fca3fbcfa,Uribe
d778f63d42348a21479c4d26,Lopez
d780cc75dd9956e878cdc451,Uribe
d78173811a5905c1a5a29f81,Petro
d78c86d03f6dfe01049a162e,Lopez
d7d9b436788ad649b2d8576e,Lopez
d7e2a8b4440aee8cf4173805,Uribe
d81b1d0210726748274fe515,Petro
d82063eb6fa46e7337dc7b32,Lopez
d88351778d92a1bdc92e7917,Lopez
d88c0a2cd1c55843c79179a5,Petro
d890321fd81f48b62a97e5d7,Lopez
d8e90a77e157cdd7ae639271,Petro
d90026dc960c61972b5e7a7f,Lopez
d91b0e8e4c8ab45ecf46357d,Petro
d92d5c0590445f50bc902b35,Uribe
d95f7d84a8cf9af3ebc8d4a1,Petro
da1ddaaa8a2fdafa98549aec,Petro
da312a8402ecae65c086be57,Uribe
da8aee5a42f51f37c874d000,Petro
da906072ad90773f42d7699d,Petro
db178026b3b16b55e76173da,Uribe
db282aa075d8ffb4dc9d72ae,Lopez
db8a16569240c68dc5129d95,Petro
dba534c61cf3cbb2afbc108e,Petro
dbbb8b8fb492bd9b5372c7b8,Uribe
dbe9f4a106c6a130501b15d1,Petro
dc22a6482cca84601996a358,Petro
dc3821ba2b6751402a5454a6,Lopez
dc6e0a81fce125d2e83a0424,Petro
dc7e26f08df593c3529f2d34,Uribe
dc96051c4e032a6623815106,Petro
dcd8d8af5ebf3f301dbeb19a,Petro
dcdbdbfd7bf90b141d159496,Petro
dcfe5a8bedf6b695ff88dc2c,Uribe
dd1be09959f9c0ed3a33c984,Lopez
dd4a399b01f9cca9892fa1b9,Petro
dd596da4b01d8ad4c4375a13,Uribe
dd5d612a474f8b91212b7bde,Lopez
dd66c7ca9bd76ea0ab5f0256,Uribe
dd75371a12c0b17c049f342e,Lopez
ddad908cf508591f5943b130,Petro
ddc50dfb49955bf3b8eb8ed7,Lopez
ddded5a78d07c665dcb57b29,Lopez
dde5e8339ea415626da505e5,Uribe
de13df994016babd0fb64848,Petro
de269a7ec9afc64d0cad724c,Lopez
de3c733f8d48d4945c39a2ca,Uribe
de56978730f545a914fe8fc7,Petro
deb1858fad5f8958cc2f5748,Lopez
ded4622f7198a739e3088622,Uribe
dedb6bbe882b871b38345bb6,Uribe
df2615ec1b90a860f2821889,Petro
df2be5ea27e5318868cf6f18,Lopez
df51033654d3817cdcf216aa,Uribe
dfc53c2a127288f52dc356b7,Uribe
dfdbc23e8bec7acf709f7960,Petro
dfe173312b0a171d5e3273c6,Petro
e032c942f98e79031e810dab,Petro
e041ca70b0bf6f99eb37d3e1,Lopez
e09cd8629050971c08695506,Lopez
e0e16ebc38ac5776542c4e31,Lopez
e114dbc2f84567fbeba07ab1,Petro
e14136efdb74a90ae86962e0,Petro
e147c89dab237d37f6cb5456,Petro
e192e5bd4d4cbe8934b13814,Uribe
e1cdf564dcb781dc5e1303e1,Lopez
e23ad88b64ce5ddd8d6ef50f,Uribe
e254b341f83474976af1a010,Uribe
e26981d7230b4c7804e69906,Lopez
e27422240d6841315e1eacb5,Lopez
e28ee8f1649be0cd49cc0e9d,Uribe
e34971cff4a67eb0eb948168,Uribe
e3508648a1b1765b997b00ab,Lopez
e36252023934ed36386244cd,Lopez
e38619cfbe358102bf7464a0,Petro
e39dff7f6ddfcbc59decf3ed,Lopez
e3aa8963b31b17da31924d90,Uribe
e3c33d511b42a5276f1d72d4,Petro
e3e5a2d01c2d6deeb8b230a2,Uribe
e47cc15d3658e03b297900bc,Lopez
e4803bc91d2f72290a49b88b,Petro
e498b63dbed52eda84f93866,Petro
e4a25731663c3ea7dbf432e5,Uribe
e4be50720baf3395e2a05dd4,Lopez
e5092ca23f30e41142418b3e,Lopez
e529276fa41e31c3d0c3be87,Petro
e574f7f74ebdcc8502b22b75,Uribe
e58e23013523d2067b537849,Lopez
e590407080263606e8fcbcf3,Lopez
e5bbf49aadfa83827f9a63f6,Petro
e5e02534343d89b1838aa91c,Lopez
e64ed43d0bbb02092f1a27b4,Lopez
e696ecd0f89ba1802e1b05aa,Lopez
e6e286272143f4166efc6349,Lopez
e71a41692a62203efc3d7bd2,Lopez
e7254a219d2462990f1fd3dc,Petro
e7801ac1ff80261db6cc0522,Lopez
e784d433b139c2e7ea18e04a,Uribe
e78a33814f12d77faab279d0,Uribe
e79851fa3aa0dec728626dbd,Uribe
e7fde2de4b985d813595158e,Lopez
e80fad586f74c29126153691,Uribe
e81bdc89e9071d02c12dd793,Lopez
e857a41e82297fce52a29a79,Petro
e89608bdcbb13e6c0f5c759d,Petro
e8b269b1f8a586e30a316989,Uribe
e90f63f343b391c957fd3290,Petro
e910dc5313dd27bfadb587c4,Uribe
e915b92f1de9ca588098701a,Uribe
e91a17f0646d9fe31c688133,Uribe
e964a7c042ee0845369d6570,Uribe
e9db697c445ebc2513b0d899,Petro
ea1c85b1e7f7c86c22805701,Lopez
ea43b0e4418c532fdf69a5e4,Petro
eab849db1cbc766b91e8c151,Uribe
eac2e398e91e808edc0abe2b,Lopez
eac8b4812402806c70b99260,Uribe
eb223449062c84eeb99cfe15,Lopez
eb5baa7352d50637c353125f,Uribe
eb7e417c5c55cd5d56bb24d6,Uribe
eb90b4ae84db8743105f40c0,Lopez
ec832263029dc08931da80c9,Lopez
ec9072ce8d14f67dfc01a285,Lopez
ecb5cea0cd82bbfe8a8e8208,Petro
ecd388b22bbf4e31f40c1b4c,Petro
ecf2ce2a0335912dd115697a,Uribe
ed18e4fe5c4672a2e1c868e2,Lopez
ed28866ad787c905f665493e,Uribe
ed4470f3c9d0ac910ed03039,Lopez
eda790e695cab807c7c7b9ec,Petro
edc53e3e1f3a1058eb5cb22c,Lopez
edc5ef969ce43dd2e91c57f2,Uribe
ee1ac8fb35b6e7a99d53c735,Petro
ee7038810b3b162acca0b151,Lopez
ee7f3a90d89a2fdef1172f5e,Uribe
ee9b4d3e2b370d69c0734918,Petro
ee9c99ca9c17472af4ad7b8f,Petro
eeaef35af53215b08a651289,Lopez
eeb8ec6b5404cf6973ecb596,Uribe
eee483975e72a9817533ed4b,Uribe
eee5a28bec3ea08f00470b33,Uribe
ef05b0ba7ea5672cb99f9137,Uribe
ef6433761e2151affe4d9717,Petro
efb9f32d9529523df890ecd5,Petro
efdbaeaaf2577c3514332672,Uribe
efe97ae0ddf56fbaf01ecbad,Petro
f00afcd1b1b71a823487e83e,Uribe
f0334869fc90d8357eb8c055,Petro
f0778447e43dc449481396cc,Lopez
f098242d27896fb251d855a7,Lopez
f0c4a7101c2dda94a0a5fa66,Lopez
f0d23aaa6ace4f23ea9c71dd,Lopez
f118cc4823bceb7d654652f5,Uribe
f1513d76d263cb1dca855318,Lopez
f15f2342579a72088a797bc3,Uribe
f16a4ea887c44cef4c96de53,Lopez
f17e1c95696081f4eb9ebc8a,Uribe
f19995b3ae031438f682402a,Petro
f1aa3e8cb8a221b9c987a52f,Petro
f1d20d4d4f2f827acfbad890,Uribe
f1e52df571f644143e585d36,Uribe
f21c4b36a0117efc9c91eb9c,Petro
f22538e3fcabf48059236846,Lopez
f22a16209e59efb56935b885,Uribe
f2373c015e5a98e65371925e,Petro
f241247c9ecd415041ba3718,Petro
f2d59bcca8be14d26c5c3d69,Uribe
f323f59658ee5001d55a6b58,Lopez
f367b20cfb353634ae02b048,Petro
f3786059b6a976e192a720ee,Uribe
f3b4f4a9080915a3fd66dbf4,Uribe
f3e1439f78d37e159b9a6b73,Uribe
f4102ef0b4f8540f11cb1def,Uribe
f43a9fc92359a329ec031aba,Uribe
f47aeb32433bc89532f49456,Uribe
f48b3a0aae212fd95167fa8b,Lopez
f4c2154c56498758c68e632f,Lopez
f54ea804811e6507eb7b9f20,Uribe
f551baa32615af2fdab93895,Petro
f560b6f01bb0f79280e398bf,Uribe
f5a01ade7155578a1cebb174,Lopez
f5a24821037ca9341aaf0a77,Uribe
f5ad0f2ebd8bbc331d201d7d,Uribe
f5b5d6130d2f797f7df72aa4,Lopez
f5bd756240b04256384fccec,Uribe
f5ffd6d0e9add7035a33ccf1,Petro
f6e15484a2494e925bdae5ce,Uribe
f6e28882e1e44b03a0da1aee,Petro
f732eb74fd6b22a94b1fef1d,Uribe
f771c870fc11916f9f5bbc97,Petro
f77ee55a8d0b19bbbcaa3bb2,Petro
f7becd6659b06744c5a75c4d,Uribe
f7ebbfe65ea222504428c25e,Petro
f879df4c448b818f806dabd8,Uribe
f8bbd9c5a17d68a2a204d486,Lopez
f8eb2999758aaef3d8a6a88b,Lopez
f8fc9c2d49e0605a1d87192d,Lopez
f9629189c38e21f15e380da3,Uribe
f975467e53dde52535078ea7,Lopez
f9f07c44e74ed060292e5f3e,Uribe
fa75221aec7661901fb74264,Petro
fa90e18864d72164b92159dc,Petro
fac9ac7874b95ec4730ea1cf,Petro
fb1420d3865d4f7001e1ef1e,Uribe
fb1f1aefe94611f50d08114c,Lopez
fb2e29ec2a62d09d0c374e22,Lopez
fb51ba2f484ba5b3b9f33755,Petro
fbcf070177c1ffc8081e6ca9,Uribe
fbfb5ef7e408ce2159c8214c,Uribe
fd8792c48b039b9cc1b050c9,Uribe
fd8833709afe7adba223b7f6,Lopez
fd9781ce2ca82d415b43d839,Lopez
fdcbca3418bea24679cc3876,Petro
fdd0ca714d2874e6d91be589,Petro
fdfc65ebee87db9368985329,Lopez
fe025ff399a84daa0dc1a0b5,Petro
fe2222187a5ba11de323c930,Lopez
fe3eb0fc08008364c2b1c3a5,Lopez
fe6b2703986aa60d0f9578a0,Petro
fe8bc94e0c01a36cfdd022fd,Petro
fe8f293776bbe3346d2c82d9,Uribe
fe99e0b4c8b95f9c4b8335fd,Uribe
fea12a94b67fdfc109382ad7,Lopez
fea5860231875a87f56d5853,Lopez
ff0b8a076e5a5e2963c8f54b,Uribe
ff185bd056fd61749d4478a6,Petro
ff8d84cfa637abe988eb92a1,Petro
ffb8d21fafb70962d413881f,Petro
ffbd43d4b9acf08ced778780,Uribe
ffbd6514cdd97b4be24549f0,Petro
ffdbe7e0ce0eedd160de3d43,Petro
ffe95ef308ab728caf1402ad,Uribe
